"id","Time","temp","humid","moisture","RD","Need"
"1","2023-05-30 01:05:11","30.4","67.8","452","0","NO"
"2","2023-05-30 01:05:17","30.3","67.8","453","0","NO"
"3","2023-05-30 01:05:24","30.3","67.8","454","0","NO"
"4","2023-05-30 01:05:30","30.3","67.8","453","0","NO"
"5","2023-05-30 01:07:49","30.1","67.5","455","0","NO"
"6","2023-05-30 01:07:56","30.1","67.5","453","0","NO"
"7","2023-05-30 01:11:28","30.1","67.4","454","0","NO"
"8","2023-05-30 01:11:35","30.1","67.4","452","0","NO"
"9","2023-05-30 01:11:41","30","67.4","452","0","NO"
"10","2023-05-30 01:11:48","30.1","67.4","452","0","NO"
"11","2023-05-30 01:13:08","30.1","67.3","455","0","NO"
"12","2023-05-30 01:13:15","30.1","67.3","453","0","NO"
"13","2023-05-30 01:13:22","30.1","67.3","452","0","NO"
"14","2023-05-30 01:14:25","30.2","67.3","454","0","NO"
"15","2023-05-30 01:14:32","30.2","67.2","452","0","NO"
"16","2023-05-30 01:15:19","30.3","65.2","453","0","NO"
"17","2023-05-30 01:15:25","30.3","67.4","452","0","NO"
"18","2023-05-30 01:15:32","30.3","67.4","453","0","NO"
"19","2023-05-30 01:16:09","30.3","67.1","453","0","NO"
"20","2023-05-30 01:16:16","30.3","67.1","452","0","NO"
"21","2023-05-30 01:16:23","30.3","67.1","452","0","NO"
"22","2023-05-30 01:17:58","30.3","67.1","453","0","NO"
"23","2023-05-30 01:18:05","30.3","67.2","453","0","NO"
"24","2023-05-30 01:18:14","30.3","67.1","452","0","NO"
"25","2023-05-30 01:18:24","30.3","67.3","453","0","NO"
"26","2023-05-30 01:18:36","30.4","67.1","455","0","NO"
"27","2023-05-30 01:18:42","30.4","67.2","453","0","NO"
"28","2023-05-30 01:18:51","30.3","67.1","453","0","NO"
"29","2023-05-30 01:19:01","30.4","67.1","453","0","NO"
"30","2023-05-30 01:19:11","30.4","67.2","454","0","NO"
"31","2023-05-30 01:19:48","30.4","67.1","453","0","NO"
"32","2023-05-30 01:19:58","30.4","67","453","0","NO"
"33","2023-05-30 01:20:08","30.4","67","454","0","NO"
"34","2023-05-30 01:20:18","30.4","67.2","454","0","NO"
"35","2023-05-30 01:20:28","30.4","67","453","0","NO"
"36","2023-05-30 01:20:38","30.4","67.1","452","0","NO"
"37","2023-05-30 01:20:48","30.4","67.2","452","0","NO"
"38","2023-05-30 01:20:58","30.4","67.2","453","0","NO"
"39","2023-05-30 01:21:08","30.4","67.3","453","0","NO"
"40","2023-05-30 01:21:18","30.4","71.7","452","0","NO"
"41","2023-05-30 01:21:28","30.4","67.5","454","0","NO"
"42","2023-05-30 01:21:39","30.4","67.3","453","0","NO"
"43","2023-05-30 01:21:48","30.4","67.2","453","0","NO"
"44","2023-05-30 01:21:59","30.4","67.2","453","0","NO"
"45","2023-05-30 01:22:08","30.4","67.2","454","0","NO"
"46","2023-05-30 01:22:19","30.3","67.1","453","0","NO"
"47","2023-05-30 01:22:28","30.4","67.2","453","0","NO"
"48","2023-05-30 01:22:38","30.3","67.1","452","0","NO"
"49","2023-05-30 01:22:48","30.3","67.1","453","0","NO"
"50","2023-05-30 01:22:59","30.3","67.1","453","0","NO"
"51","2023-05-30 01:23:08","30.3","67.1","452","0","NO"
"52","2023-05-30 01:23:19","30.3","67","453","0","NO"
"53","2023-05-30 01:23:29","30.4","67.1","454","0","NO"
"54","2023-05-30 01:23:39","30.3","67.2","453","0","NO"
"55","2023-05-30 01:23:49","30.3","67.2","453","0","NO"
"56","2023-05-30 01:23:59","30.3","67.1","520","0","YES"
"57","2023-05-30 01:24:08","30.3","67.1","506","0","NO"
"58","2023-05-30 01:24:19","30.3","67.1","508","0","NO"
"59","2023-05-30 01:24:29","30.3","67.1","496","0","NO"
"60","2023-05-30 01:24:39","30.3","67.1","489","0","NO"
"61","2023-05-30 01:24:49","30.3","67.1","480","0","NO"
"62","2023-05-30 01:24:59","30.3","67","479","0","NO"
"63","2023-05-30 01:25:09","30.3","67.1","479","0","NO"
"64","2023-05-30 01:25:19","30.3","67.1","478","0","NO"
"65","2023-05-30 01:25:29","30.3","67","478","0","NO"
"66","2023-05-30 01:25:39","30.3","67","480","0","NO"
"67","2023-05-30 01:25:49","30.3","67","478","0","NO"
"68","2023-05-30 01:25:59","30.3","67","480","0","NO"
"69","2023-05-30 01:26:09","30.4","67","478","0","NO"
"70","2023-05-30 01:26:19","30.4","67.1","478","0","NO"
"71","2023-05-30 01:26:29","30.4","67","479","0","NO"
"72","2023-05-30 01:26:39","30.4","67.1","477","0","NO"
"73","2023-05-30 01:26:49","30.4","67.1","479","0","NO"
"74","2023-05-30 01:26:59","30.4","66.8","477","0","NO"
"75","2023-05-30 01:27:09","30.4","66.8","523","0","NO"
"76","2023-05-30 01:27:19","30.4","66.8","537","0","NO"
"77","2023-05-30 01:27:29","30.4","66.6","545","0","NO"
"78","2023-05-30 01:27:39","30.4","66.6","546","0","NO"
"79","2023-05-30 01:27:49","30.4","66.6","552","0","NO"
"80","2023-05-30 01:27:59","30.4","66.7","551","0","NO"
"81","2023-05-30 01:28:09","30.4","66.7","547","0","NO"
"82","2023-05-30 01:28:19","30.3","66.7","547","0","NO"
"83","2023-05-30 01:28:29","30.4","66.7","544","0","NO"
"84","2023-05-30 01:28:39","30.4","66.7","546","0","NO"
"85","2023-05-30 01:28:49","30.4","66.7","546","0","NO"
"86","2023-05-30 01:28:59","30.4","66.8","543","0","NO"
"87","2023-05-30 01:29:09","30.4","66.7","543","0","NO"
"88","2023-05-30 01:29:19","30.4","66.7","543","0","NO"
"89","2023-05-30 01:29:29","30.3","66.7","546","0","NO"
"90","2023-05-30 01:29:39","30.4","66.8","543","0","NO"
"91","2023-05-30 01:29:49","30.4","66.7","543","0","YES"
"92","2023-05-30 01:29:59","30.4","66.6","556","0","YES"
"93","2023-05-30 01:30:09","30.4","66.6","487","0","NO"
"94","2023-05-30 01:30:20","30.4","66.6","486","0","NO"
"95","2023-05-30 01:30:29","30.3","66.6","488","0","NO"
"96","2023-05-30 01:30:40","30.4","66.7","488","0","NO"
"97","2023-05-30 01:30:49","30.3","66.5","489","0","NO"
"98","2023-05-30 01:30:59","30.4","66.6","487","0","NO"
"99","2023-05-30 01:31:10","30.4","66.6","487","0","NO"
"100","2023-05-30 01:31:20","30.4","66.6","487","0","NO"
"101","2023-05-30 01:31:30","30.4","66.6","487","0","NO"
"102","2023-05-30 01:31:40","30.4","66.6","487","0","NO"
"103","2023-05-30 01:31:50","30.4","66.5","490","0","NO"
"104","2023-05-30 01:32:00","30.4","66.6","487","0","NO"
"105","2023-05-30 01:32:09","30.3","66.5","488","0","NO"
"106","2023-05-30 01:32:19","30.3","66.5","488","0","NO"
"107","2023-05-30 01:32:30","30.4","66.5","488","0","NO"
"108","2023-05-30 01:32:40","30.4","66.5","488","0","NO"
"109","2023-05-30 01:32:50","30.4","66.5","488","0","NO"
"110","2023-05-30 01:33:00","30.4","66.5","487","0","NO"
"111","2023-05-30 01:33:10","30.4","66.6","488","0","NO"
"112","2023-05-30 01:33:20","30.4","66.6","488","0","NO"
"113","2023-05-30 01:33:30","30.4","66.5","488","0","NO"
"114","2023-05-30 01:33:40","30.4","66.6","489","0","NO"
"115","2023-05-30 01:33:50","30.4","66.5","491","0","NO"
"116","2023-05-30 01:34:00","30.4","66.4","488","0","NO"
"117","2023-05-30 01:34:10","30.4","66.4","488","0","NO"
"118","2023-05-30 01:34:20","30.4","66.4","490","0","NO"
"119","2023-05-30 01:34:30","30.4","66.4","488","0","NO"
"120","2023-05-30 01:34:40","30.3","66.3","488","0","NO"
"121","2023-05-30 01:34:50","30.3","66.3","488","0","NO"
"122","2023-05-30 01:35:00","30.3","66.3","489","0","NO"
"123","2023-05-30 01:35:10","30.3","66.3","488","0","NO"
"124","2023-05-30 01:35:20","30.3","66.3","489","0","NO"
"125","2023-05-30 01:35:30","30.3","66.3","489","0","NO"
"126","2023-05-30 01:35:40","30.3","66.3","488","0","NO"
"127","2023-05-30 01:35:50","30.3","66.3","489","0","NO"
"128","2023-05-30 01:36:00","30.3","66.3","488","0","NO"
"129","2023-05-30 01:36:10","30.2","66.3","488","0","NO"
"130","2023-05-30 01:36:20","30.3","66.3","489","0","NO"
"131","2023-05-30 01:36:30","30.3","66.3","489","0","NO"
"132","2023-05-30 01:36:40","30.2","66.3","489","0","NO"
"133","2023-05-30 01:36:51","30.2","66.3","489","0","NO"
"134","2023-05-30 01:37:00","30.2","66.3","489","0","NO"
"135","2023-05-30 01:37:10","30.2","66.3","488","0","NO"
"136","2023-05-30 01:37:21","30.2","66.3","489","0","NO"
"137","2023-05-30 01:37:31","30.1","66.3","490","0","NO"
"138","2023-05-30 01:37:40","30.2","66.4","489","0","NO"
"139","2023-05-30 01:37:51","30.2","66.4","489","0","NO"
"140","2023-05-30 01:38:01","31.6","99.9","489","0","NO"
"141","2023-05-30 01:38:10","30.2","99.9","489","0","NO"
"142","2023-05-30 01:38:20","30.3","86","489","0","NO"
"143","2023-05-30 01:38:31","30.3","72.8","489","0","NO"
"144","2023-05-30 01:38:41","30.4","69.7","489","0","NO"
"145","2023-05-30 01:38:50","30.3","68.8","489","0","NO"
"146","2023-05-30 01:39:01","30.3","68.5","488","0","NO"
"147","2023-05-30 01:39:11","30.3","68.2","526","0","YES"
"148","2023-05-30 01:39:21","30.3","68.2","539","0","YES"
"149","2023-05-30 01:39:30","30.3","68.1","539","0","YES"
"150","2023-05-30 01:39:40","30.3","68.1","539","0","YES"
"151","2023-05-30 01:39:50","30.3","68.1","539","0","YES"
"152","2023-05-30 01:40:01","30.3","68.1","539","0","YES"
"153","2023-05-30 01:40:11","30.3","68","539","0","YES"
"154","2023-05-30 01:40:21","30.3","68","539","0","YES"
"155","2023-05-30 01:40:31","30.3","68","540","0","YES"
"156","2023-05-30 01:40:41","30.3","67.9","539","0","YES"
"157","2023-05-30 01:40:51","30.3","68","531","0","YES"
"158","2023-05-30 01:41:01","30.4","68.1","532","0","YES"
"159","2023-05-30 01:41:11","30.4","68.1","475","0","NO"
"160","2023-05-30 01:41:21","30.4","68.1","475","0","NO"
"161","2023-05-30 01:41:31","30.4","68","477","0","NO"
"162","2023-05-30 01:41:41","30.4","68","477","0","NO"
"163","2023-05-30 01:41:51","30.4","68.1","477","0","NO"
"164","2023-05-30 01:42:01","30.4","68","476","0","NO"
"165","2023-05-30 01:42:11","30.4","67.9","476","0","NO"
"166","2023-05-30 01:42:21","30.4","68","476","0","NO"
"167","2023-05-30 01:42:31","30.4","67.9","477","0","NO"
"168","2023-05-30 01:42:41","30.4","67.9","477","0","NO"
"169","2023-05-30 01:42:51","30.4","67.8","477","0","NO"
"170","2023-05-30 01:43:01","30.4","67.7","478","0","NO"
"171","2023-05-30 01:43:11","30.4","67.6","478","0","NO"
"172","2023-05-30 01:43:21","30.4","67.6","479","0","NO"
"173","2023-05-30 01:43:31","30.4","67.6","480","0","NO"
"174","2023-05-30 01:43:41","30.4","67.6","480","0","NO"
"175","2023-05-30 01:43:51","30.3","67.4","481","0","NO"
"176","2023-05-30 01:44:01","30.3","67.4","484","0","NO"
"177","2023-05-30 01:44:11","30.3","67.4","483","0","NO"
"178","2023-05-30 01:44:21","30.3","67.4","481","0","NO"
"179","2023-05-30 01:44:31","30.3","67.4","483","0","NO"
"180","2023-05-30 01:44:41","30.3","67.4","482","0","NO"
"181","2023-05-30 01:44:51","30.3","67.4","480","0","NO"
"182","2023-05-30 01:45:01","30.3","67.4","480","0","NO"
"183","2023-05-30 01:45:11","30.2","67.3","481","0","NO"
"184","2023-05-30 01:45:21","30.2","67.3","480","0","NO"
"185","2023-05-30 01:45:31","30.2","67.3","480","0","NO"
"186","2023-05-30 01:45:41","30.2","67.3","481","0","NO"
"187","2023-05-30 01:45:51","30.2","67.3","482","0","NO"
"188","2023-05-30 01:46:01","30.1","67.3","481","0","NO"
"189","2023-05-30 01:46:11","30.2","67.3","481","0","NO"
"190","2023-05-30 01:46:21","30.2","67.3","482","0","NO"
"191","2023-05-30 01:46:31","30.1","67.2","481","0","NO"
"192","2023-05-30 01:46:41","30.1","67.2","482","0","NO"
"193","2023-05-30 01:46:51","30.1","67.2","480","0","NO"
"194","2023-05-30 01:47:01","30.1","67.2","482","0","NO"
"195","2023-05-30 01:47:11","30.1","67.2","481","0","NO"
"196","2023-05-30 01:47:21","30","67.2","481","0","NO"
"197","2023-05-30 01:47:31","30.1","67.3","482","0","NO"
"198","2023-05-30 01:47:41","30.1","67.3","481","0","NO"
"199","2023-05-30 01:47:51","30.1","67.3","481","0","NO"
"200","2023-05-30 01:48:01","30.1","67.2","482","0","NO"
"201","2023-05-30 01:48:11","30","67","482","0","NO"
"202","2023-05-30 01:48:21","30.1","67.2","482","0","NO"
"203","2023-05-30 01:48:31","30.1","67.3","482","0","NO"
"204","2023-05-30 01:48:42","30.1","67.3","477","0","NO"
"205","2023-05-30 01:48:52","40.7","63.6","473","0","NO"
"206","2023-05-30 01:49:02","45.7","54.8","473","0","YES"
"207","2023-05-30 01:49:12","43.3","48.5","474","0","YES"
"208","2023-05-30 01:49:22","44.3","45.1","474","0","YES"
"209","2023-05-30 01:49:32","43.1","42.6","474","0","YES"
"210","2023-05-30 01:49:42","42.1","42.3","473","0","YES"
"211","2023-05-30 01:49:52","40.9","42.9","473","0","YES"
"212","2023-05-30 01:50:02","39.8","43.8","473","0","YES"
"213","2023-05-30 01:50:12","38.9","44.9","473","0","YES"
"214","2023-05-30 01:50:22","38.1","45.8","473","0","YES"
"215","2023-05-30 01:50:32","37.4","46.9","472","0","YES"
"216","2023-05-30 01:50:42","36.8","48.1","473","0","YES"
"217","2023-05-30 01:50:52","36.3","49.1","473","0","YES"
"218","2023-05-30 01:51:02","35.7","50.1","472","0","YES"
"219","2023-05-30 01:51:12","35.2","51.1","473","0","YES"
"220","2023-05-30 01:51:22","34.8","52.1","473","0","YES"
"221","2023-05-30 01:51:32","34.5","52.9","473","0","YES"
"222","2023-05-30 01:51:42","34.2","53.6","474","0","YES"
"223","2023-05-30 01:51:52","33.9","54.3","473","0","YES"
"224","2023-05-30 01:52:02","33.7","54.9","473","0","YES"
"225","2023-05-30 01:52:12","33.5","55.7","472","0","YES"
"226","2023-05-30 01:52:22","33.2","56.1","472","0","YES"
"227","2023-05-30 01:52:32","33.1","56.6","472","0","YES"
"228","2023-05-30 01:52:42","32.9","57.1","473","0","YES"
"229","2023-05-30 01:52:52","32.7","57.6","472","0","YES"
"230","2023-05-30 01:53:02","32.6","58.1","472","0","YES"
"231","2023-05-30 01:53:12","32.5","58.4","473","0","YES"
"232","2023-05-30 01:53:22","32.4","58.8","473","0","YES"
"233","2023-05-30 01:53:32","32.3","59.2","472","0","YES"
"234","2023-05-30 01:53:42","32.2","59.4","475","0","YES"
"235","2023-05-30 01:53:52","32.1","59.7","473","0","YES"
"236","2023-05-30 01:54:02","32","60","472","0","NO"
"237","2023-05-30 01:54:12","31.9","60.1","473","0","NO"
"238","2023-05-30 01:54:22","31.9","60.6","472","0","NO"
"239","2023-05-30 01:54:32","31.8","60.8","472","0","NO"
"240","2023-05-30 01:54:42","31.7","61","473","0","NO"
"241","2023-05-30 01:54:52","31.7","61.2","473","0","NO"
"242","2023-05-30 01:55:02","31.7","61.2","472","0","NO"
"243","2023-05-30 01:55:12","31.6","61.2","472","0","NO"
"244","2023-05-30 01:55:22","31.6","61.5","472","0","NO"
"245","2023-05-30 01:55:32","31.5","61.6","473","0","NO"
"246","2023-05-30 01:55:42","31.5","61.7","473","0","NO"
"247","2023-05-30 01:55:52","31.4","61.7","473","0","NO"
"248","2023-05-30 01:56:02","31.4","61.8","472","0","NO"
"249","2023-05-30 01:56:12","31.4","62","472","0","NO"
"250","2023-05-30 01:56:22","31.3","62","475","0","NO"
"251","2023-05-30 01:56:33","31.3","62.2","474","0","NO"
"252","2023-05-30 01:56:43","31.3","62.3","472","0","NO"
"253","2023-05-30 01:56:53","31.2","62.4","473","0","NO"
"254","2023-05-30 01:57:03","31.2","62.5","472","0","NO"
"255","2023-05-30 01:57:13","31.1","62.6","472","0","NO"
"256","2023-05-30 01:57:23","36.8","61.6","473","0","NO"
"257","2023-05-30 01:57:33","39.8","53.8","472","0","YES"
"258","2023-05-30 01:57:43","40.2","50.2","473","0","YES"
"259","2023-05-30 01:57:53","39.8","47.8","473","0","YES"
"260","2023-05-30 01:58:03","39.9","47","473","0","YES"
"261","2023-05-30 01:58:13","40.2","45.9","474","0","YES"
"262","2023-05-30 01:58:23","39.4","45.9","473","0","YES"
"263","2023-05-30 01:58:33","38.4","46.3","474","0","YES"
"264","2023-05-30 01:58:43","37.7","47.1","474","0","YES"
"265","2023-05-30 01:58:53","36.9","48","474","0","YES"
"266","2023-05-30 01:59:03","36.2","49.1","473","0","YES"
"267","2023-05-30 01:59:13","35.6","50.1","473","0","YES"
"268","2023-05-30 01:59:23","35.2","51.1","473","0","YES"
"269","2023-05-30 01:59:33","34.8","51.9","473","0","YES"
"270","2023-05-30 01:59:43","34.4","52.7","473","0","YES"
"271","2023-05-30 01:59:53","34.1","53.5","473","0","YES"
"272","2023-05-30 02:00:03","33.7","54.2","474","0","YES"
"273","2023-05-30 02:00:13","33.4","54.8","473","0","YES"
"274","2023-05-30 02:00:23","33.2","55.4","474","0","YES"
"275","2023-05-30 02:00:33","32.9","56","473","0","YES"
"276","2023-05-30 02:00:43","32.7","56.5","473","0","YES"
"277","2023-05-30 02:00:53","32.5","57.1","477","0","YES"
"278","2023-05-30 02:01:03","32.3","57.5","474","0","YES"
"279","2023-05-30 02:01:13","32.2","58","473","0","YES"
"280","2023-05-30 02:01:23","32.1","58.4","474","0","YES"
"281","2023-05-30 02:01:33","31.9","58.7","474","0","YES"
"282","2023-05-30 02:01:43","31.8","59.2","474","0","YES"
"283","2023-05-30 02:01:53","31.7","59.5","474","0","YES"
"284","2023-05-30 02:02:03","31.6","59.8","474","0","YES"
"285","2023-05-30 02:02:13","31.5","60.1","474","0","NO"
"286","2023-05-30 02:02:23","31.4","60.3","474","0","NO"
"287","2023-05-30 02:02:33","31.4","60.6","474","0","NO"
"288","2023-05-30 02:02:43","31.3","61","473","0","NO"
"289","2023-05-30 02:02:53","31.3","61.1","474","0","NO"
"290","2023-05-30 02:03:03","31.2","61.3","474","0","NO"
"291","2023-05-30 02:03:13","31.1","61.5","474","0","NO"
"292","2023-05-30 02:03:23","31","61.7","473","0","NO"
"293","2023-05-30 02:03:33","31","62","474","0","NO"
"294","2023-05-30 02:03:43","30.9","62.1","475","0","NO"
"295","2023-05-30 02:03:53","30.9","62.2","474","0","NO"
"296","2023-05-30 02:04:03","30.9","62.4","474","0","NO"
"297","2023-05-30 02:04:13","30.8","62.5","474","0","NO"
"298","2023-05-30 02:04:24","30.8","62.7","473","0","NO"
"299","2023-05-30 02:04:34","30.8","62.8","474","0","NO"
"300","2023-05-30 02:04:44","30.7","62.9","473","0","NO"
"301","2023-05-30 02:04:54","30.7","63","474","0","NO"
"302","2023-05-30 02:05:04","30.7","63.1","474","0","NO"
"303","2023-05-30 02:05:14","30.7","63.3","474","0","NO"
"304","2023-05-30 02:05:24","30.6","63.3","474","0","NO"
"305","2023-05-30 02:05:34","30.6","63.3","474","0","NO"
"306","2023-05-30 02:05:44","30.5","63.4","474","0","NO"
"307","2023-05-30 02:05:54","30.5","63.4","474","0","NO"
"308","2023-05-30 02:06:04","30.5","63.5","474","0","NO"
"309","2023-05-30 02:06:14","30.5","63.7","473","0","NO"
"310","2023-05-30 02:06:24","30.5","63.7","474","0","NO"
"311","2023-05-30 02:06:34","30.5","63.8","473","0","NO"
"312","2023-05-30 02:06:44","30.5","63.9","474","0","NO"
"313","2023-05-30 02:06:54","30.5","64","474","0","NO"
"314","2023-05-30 02:07:04","30.5","64","474","0","NO"
"315","2023-05-30 02:07:14","30.4","64","474","0","NO"
"316","2023-05-30 02:07:24","30.4","64","474","0","NO"
"317","2023-05-30 02:07:34","30.4","64.1","474","0","NO"
"318","2023-05-30 02:07:44","30.4","64.1","474","0","NO"
"319","2023-05-30 02:07:54","30.4","64.1","475","0","NO"
"320","2023-05-30 02:08:04","30.4","64.2","474","0","NO"
"321","2023-05-30 02:08:14","30.4","64.2","475","0","NO"
"322","2023-05-30 02:08:24","30.4","64.2","474","0","NO"
"323","2023-05-30 02:08:34","30.4","64.3","477","0","NO"
"324","2023-05-30 02:08:44","30.4","64.4","475","0","NO"
"325","2023-05-30 02:08:54","30.4","64.4","475","0","NO"
"326","2023-05-30 02:09:04","30.5","64.5","474","0","NO"
"327","2023-05-30 02:09:14","30.5","64.5","475","0","NO"
"328","2023-05-30 02:09:24","30.5","64.5","475","0","NO"
"329","2023-05-30 02:09:34","30.5","64.5","474","0","NO"
"330","2023-05-30 02:09:44","30.5","64.5","475","0","NO"
"331","2023-05-30 02:09:54","30.5","64.6","475","0","NO"
"332","2023-05-30 02:10:04","30.5","64.6","474","0","NO"
"333","2023-05-30 02:10:14","30.5","64.6","475","0","NO"
"334","2023-05-30 02:10:24","30.5","64.7","474","0","NO"
"335","2023-05-30 02:10:34","30.5","64.6","474","0","NO"
"336","2023-05-30 02:10:44","30.5","64.7","474","0","NO"
"337","2023-05-30 02:10:54","30.5","64.7","477","0","NO"
"338","2023-05-30 02:11:04","30.5","64.7","475","0","NO"
"339","2023-05-30 02:11:14","30.5","64.8","475","0","NO"
"340","2023-05-30 02:11:24","30.5","64.9","475","0","NO"
"341","2023-05-30 02:11:34","30.5","64.8","475","0","NO"
"342","2023-05-30 02:11:44","30.5","64.8","475","0","NO"
"343","2023-05-30 02:11:54","30.5","64.7","476","0","NO"
"344","2023-05-30 02:12:04","30.5","64.8","478","0","NO"
"345","2023-05-30 02:12:14","30.5","64.8","476","0","NO"
"346","2023-05-30 02:12:25","30.5","65","477","0","NO"
"347","2023-05-30 02:12:35","30.5","64.9","476","0","NO"
"348","2023-05-30 02:12:45","30.5","64.9","477","0","NO"
"349","2023-05-30 02:12:55","30.5","64.9","477","0","NO"
"350","2023-05-30 02:13:05","30.5","65","404","0","NO"
"351","2023-05-30 02:13:15","30.5","65","408","0","NO"
"352","2023-05-30 02:13:25","30.5","65","407","0","NO"
"353","2023-05-30 02:13:35","30.5","65","406","0","NO"
"354","2023-05-30 02:13:45","30.5","65.1","407","0","NO"
"355","2023-05-30 02:13:55","30.5","65.1","474","0","NO"
"356","2023-05-30 02:14:05","30.5","65.1","408","0","NO"
"357","2023-05-30 02:14:15","30.5","65.1","409","0","NO"
"358","2023-05-30 02:14:25","30.5","65","409","0","NO"
"359","2023-05-30 02:14:35","30.5","65.1","409","0","NO"
"360","2023-05-30 02:14:45","30.5","65","409","0","NO"
"361","2023-05-30 02:14:55","30.4","65","409","0","NO"
"362","2023-05-30 02:15:05","30.5","65","409","0","NO"
"363","2023-05-30 02:15:15","30.5","65.1","410","0","NO"
"364","2023-05-30 02:15:25","30.5","65.1","410","0","NO"
"365","2023-05-30 02:15:35","30.4","65.2","410","0","NO"
"366","2023-05-30 02:15:45","30.5","65.2","410","0","NO"
"367","2023-05-30 02:15:55","30.4","65.1","409","0","NO"
"368","2023-05-30 02:16:05","30.4","65.1","410","0","NO"
"369","2023-05-30 02:16:15","30.4","65.1","410","0","NO"
"370","2023-05-30 02:16:25","30.4","65.1","409","0","NO"
"371","2023-05-30 02:16:35","30.4","65.1","410","0","NO"
"372","2023-05-30 02:16:45","30.4","65.1","409","0","NO"
"373","2023-05-30 02:16:55","30.4","65.1","410","0","NO"
"374","2023-05-30 02:17:05","30.4","65.1","410","0","NO"
"375","2023-05-30 02:17:15","30.4","65.1","410","0","NO"
"376","2023-05-30 02:17:25","30.4","65.1","410","0","NO"
"377","2023-05-30 02:17:35","30.4","65.1","409","0","NO"
"378","2023-05-30 02:17:45","30.4","65.2","410","0","NO"
"379","2023-05-30 02:17:55","30.4","65.2","410","0","NO"
"380","2023-05-30 02:18:05","30.4","65.2","409","0","NO"
"381","2023-05-30 02:18:15","30.4","65.3","412","0","NO"
"382","2023-05-30 02:18:25","30.4","65.3","410","0","NO"
"383","2023-05-30 02:18:35","30.3","65.3","410","0","NO"
"384","2023-05-30 02:18:46","30.3","65.3","411","0","NO"
"385","2023-05-30 02:18:55","30.3","65.4","410","0","NO"
"386","2023-05-30 02:19:05","30.3","65.4","411","0","NO"
"387","2023-05-30 02:19:15","30.3","65.5","410","0","NO"
"388","2023-05-30 02:19:26","30.3","65.4","410","0","NO"
"389","2023-05-30 02:19:35","30.3","65.5","409","0","NO"
"390","2023-05-30 02:19:45","30.3","65.6","409","0","NO"
"391","2023-05-30 02:19:55","30.3","65.6","410","0","NO"
"392","2023-05-30 02:20:05","30.3","65.6","411","0","NO"
"393","2023-05-30 02:20:16","30.3","65.7","410","0","NO"
"394","2023-05-30 02:20:26","30.3","65.8","410","0","NO"
"395","2023-05-30 02:20:36","30.2","65.7","411","0","NO"
"396","2023-05-30 02:20:46","30.3","65.9","410","0","NO"
"397","2023-05-30 02:20:56","30.3","65.9","410","0","NO"
"398","2023-05-30 02:21:06","30.3","65.8","410","0","NO"
"399","2023-05-30 02:21:16","30.3","65.8","410","0","NO"
"400","2023-05-30 02:21:26","30.2","65.8","411","0","NO"
"401","2023-05-30 02:21:36","30.2","65.8","410","0","NO"
"402","2023-05-30 02:21:46","30.2","65.8","410","0","NO"
"403","2023-05-30 02:21:56","30.3","65.8","410","0","NO"
"404","2023-05-30 02:22:06","30.2","65.8","411","0","NO"
"405","2023-05-30 02:22:16","30.2","65.9","410","0","NO"
"406","2023-05-30 02:22:26","30.2","66","410","0","NO"
"407","2023-05-30 02:22:36","30.2","66","410","0","NO"
"408","2023-05-30 02:22:46","30.2","66.2","411","0","NO"
"409","2023-05-30 02:22:56","30.2","66.1","410","0","NO"
"410","2023-05-30 02:23:06","30.2","66.1","412","0","NO"
"411","2023-05-30 02:23:16","30.2","66.1","410","0","NO"
"412","2023-05-30 02:23:26","30.2","66","410","0","NO"
"413","2023-05-30 02:23:36","30.2","66","411","0","NO"
"414","2023-05-30 02:23:46","30.2","66","410","0","NO"
"415","2023-05-30 02:23:56","30.2","65.9","410","0","NO"
"416","2023-05-30 02:24:06","30.2","66","410","0","NO"
"417","2023-05-30 02:24:16","30.2","66","410","0","NO"
"418","2023-05-30 02:24:26","30.2","66.1","411","0","NO"
"419","2023-05-30 02:24:36","30.2","66","410","0","NO"
"420","2023-05-30 02:24:46","30.2","66","410","0","NO"
"421","2023-05-30 02:24:56","30.2","66.1","410","0","NO"
"422","2023-05-30 02:25:06","30.2","65.9","411","0","NO"
"423","2023-05-30 02:25:16","30.2","66","412","0","NO"
"424","2023-05-30 02:25:26","30.2","66.1","410","0","NO"
"425","2023-05-30 02:25:36","30.2","66.1","410","0","NO"
"426","2023-05-30 02:25:46","30.2","66","411","0","NO"
"427","2023-05-30 02:25:56","30.2","65.9","411","0","NO"
"428","2023-05-30 02:26:06","30.2","65.9","411","0","NO"
"429","2023-05-30 02:26:16","30.2","65.8","411","0","NO"
"430","2023-05-30 02:26:26","30.2","65.8","435","0","NO"
"431","2023-05-30 02:26:36","30.2","65.8","424","0","NO"
"432","2023-05-30 02:26:46","30.2","65.9","422","0","NO"
"433","2023-05-30 02:26:56","30.2","65.8","420","0","NO"
"434","2023-05-30 02:27:06","30.2","65.8","419","0","NO"
"435","2023-05-30 02:27:16","30.2","65.8","419","0","NO"
"436","2023-05-30 02:27:26","30.3","65.8","419","0","NO"
"437","2023-05-30 02:27:36","30.3","65.8","418","0","NO"
"438","2023-05-30 02:27:46","30.3","66","418","0","NO"
"439","2023-05-30 02:27:56","30.3","66.1","419","0","NO"
"440","2023-05-30 02:28:06","30.3","65.9","418","0","NO"
"441","2023-05-30 02:28:17","30.3","65.9","417","0","NO"
"442","2023-05-30 02:28:27","30.3","65.8","418","0","NO"
"443","2023-05-30 02:28:37","30.3","65.8","418","0","NO"
"444","2023-05-30 02:28:47","30.4","65.9","418","0","NO"
"445","2023-05-30 02:28:57","30.3","65.8","416","0","NO"
"446","2023-05-30 02:29:07","30.3","65.7","417","0","NO"
"447","2023-05-30 02:29:17","30.3","65.8","417","0","NO"
"448","2023-05-30 02:29:27","30.3","65.9","417","0","NO"
"449","2023-05-30 02:29:37","30.4","65.7","416","0","NO"
"450","2023-05-30 02:29:47","30.4","65.6","416","0","NO"
"451","2023-05-30 02:29:57","30.3","65.5","417","0","NO"
"452","2023-05-30 02:30:07","30.4","65.5","417","0","NO"
"453","2023-05-30 02:30:17","30.3","65.5","417","0","NO"
"454","2023-05-30 02:30:27","30.4","65.5","418","0","NO"
"455","2023-05-30 02:30:37","30.3","65.5","417","0","NO"
"456","2023-05-30 02:30:47","30.4","65.5","416","0","NO"
"457","2023-05-30 02:30:57","30.4","65.5","417","0","NO"
"458","2023-05-30 02:31:07","30.4","65.4","417","0","NO"
"459","2023-05-30 02:31:17","30.4","65.4","417","0","NO"
"460","2023-05-30 02:31:27","30.4","65.4","416","0","NO"
"461","2023-05-30 02:31:37","30.4","65.3","417","0","NO"
"462","2023-05-30 02:31:47","30.4","65.3","519","0","YES"
"463","2023-05-30 02:31:57","30.4","65.3","521","0","YES"
"464","2023-05-30 02:32:07","30.3","65.2","521","0","YES"
"465","2023-05-30 02:32:17","30.3","65.2","518","0","YES"
"466","2023-05-30 02:32:27","30.3","65.2","445","0","NO"
"467","2023-05-30 02:32:37","30.3","65.2","440","0","NO"
"468","2023-05-30 02:32:47","30.3","65.2","439","0","NO"
"469","2023-05-30 02:32:57","30.3","65.2","438","0","NO"
"470","2023-05-30 02:33:07","30.3","65.3","437","0","NO"
"471","2023-05-30 02:33:17","30.3","65.2","438","0","NO"
"472","2023-05-30 02:33:27","30.3","65.2","437","0","NO"
"473","2023-05-30 02:33:37","30.3","65.2","437","0","NO"
"474","2023-05-30 02:33:47","30.3","65.2","437","0","NO"
"475","2023-05-30 02:33:57","30.3","65.1","436","0","NO"
"476","2023-05-30 02:34:07","30.3","65.2","436","0","NO"
"477","2023-05-30 02:34:17","30.4","65.4","437","0","NO"
"478","2023-05-30 02:34:27","30.4","65.2","437","0","NO"
"479","2023-05-30 02:34:37","30.4","65.4","437","0","NO"
"480","2023-05-30 02:34:47","30.4","65.4","436","0","NO"
"481","2023-05-30 02:34:57","30.4","65.3","436","0","NO"
"482","2023-05-30 02:35:07","30.4","65.2","435","0","NO"
"483","2023-05-30 02:35:17","30.4","65.3","436","0","NO"
"484","2023-05-30 02:35:27","30.4","65.2","436","0","NO"
"485","2023-05-30 02:35:37","30.4","65.5","436","0","NO"
"486","2023-05-30 02:35:47","30.4","65.3","437","0","NO"
"487","2023-05-30 02:35:58","30.4","65.4","436","0","NO"
"488","2023-05-30 02:36:08","30.5","65.2","435","0","NO"
"489","2023-05-30 02:36:18","30.5","65","436","0","NO"
"490","2023-05-30 02:36:28","30.5","65.1","436","0","NO"
"491","2023-05-30 02:36:38","30.4","64.9","437","0","NO"
"492","2023-05-30 02:36:48","30.5","65","436","0","NO"
"493","2023-05-30 02:36:58","30.5","65","435","0","NO"
"494","2023-05-30 02:37:08","30.4","64.9","435","0","NO"
"495","2023-05-30 02:37:18","30.4","65","435","0","NO"
"496","2023-05-30 02:37:28","30.5","65","436","0","NO"
"497","2023-05-30 02:37:38","30.5","65","438","0","NO"
"498","2023-05-30 02:37:48","30.5","64.9","436","0","NO"
"499","2023-05-30 02:37:58","30.4","64.8","435","0","NO"
"500","2023-05-30 02:38:08","30.4","64.8","435","0","NO"
"501","2023-05-30 02:38:18","30.5","65","436","0","NO"
"502","2023-05-30 02:38:28","30.5","65","436","0","NO"
"503","2023-05-30 02:38:38","30.4","64.9","436","0","NO"
"504","2023-05-30 02:38:48","30.4","64.8","435","0","NO"
"505","2023-05-30 02:38:58","30.4","64.9","436","0","NO"
"506","2023-05-30 02:39:08","30.4","65","435","0","NO"
"507","2023-05-30 02:39:18","30.5","65","435","0","NO"
"508","2023-05-30 02:39:28","30.5","64.8","436","0","NO"
"509","2023-05-30 02:39:38","30.5","64.8","435","0","NO"
"510","2023-05-30 02:39:48","30.5","64.8","436","0","NO"
"511","2023-05-30 02:39:58","30.4","64.6","435","0","NO"
"512","2023-05-30 02:40:08","30.5","64.7","435","0","NO"
"513","2023-05-30 02:40:18","30.5","64.7","434","0","NO"
"514","2023-05-30 02:40:28","30.4","64.6","435","0","NO"
"515","2023-05-30 02:40:38","30.4","64.7","434","0","NO"
"516","2023-05-30 02:40:48","35.3","62.6","434","0","NO"
"517","2023-05-30 02:40:58","37.6","60.2","435","0","NO"
"518","2023-05-30 02:41:08","41","53","436","0","YES"
"519","2023-05-30 02:41:18","39","50.9","442","0","YES"
"520","2023-05-30 02:41:28","39.3","50.3","443","0","YES"
"521","2023-05-30 02:41:38","40.2","48.3","443","0","YES"
"522","2023-05-30 02:41:48","38.9","48","443","0","YES"
"523","2023-05-30 02:41:58","37.9","48.2","442","0","YES"
"524","2023-05-30 02:42:08","37.1","48.9","442","0","YES"
"525","2023-05-30 02:42:18","36.4","49.7","442","0","YES"
"526","2023-05-30 02:42:28","35.7","50.6","442","0","YES"
"527","2023-05-30 02:42:38","35.1","51.6","440","0","YES"
"528","2023-05-30 02:42:48","34.6","52.5","438","0","YES"
"529","2023-05-30 02:42:58","34.1","53.4","438","0","YES"
"530","2023-05-30 02:43:08","33.8","54.2","438","0","YES"
"531","2023-05-30 02:43:19","33.5","55","438","0","YES"
"532","2023-05-30 02:43:28","33.2","55.5","538","0","YES"
"533","2023-05-30 02:43:38","32.9","56.1","542","0","YES"
"534","2023-05-30 02:43:48","32.7","56.7","542","0","YES"
"535","2023-05-30 02:43:59","32.5","57.3","546","0","YES"
"536","2023-05-30 02:44:09","32.3","57.8","543","0","YES"
"537","2023-05-30 02:44:19","34.2","57.9","544","0","YES"
"538","2023-05-30 02:44:29","37.3","56.2","545","0","YES"
"539","2023-05-30 02:44:39","36","53.6","545","0","YES"
"540","2023-05-30 02:44:49","35.4","53.6","544","0","YES"
"541","2023-05-30 02:44:59","34.9","53.6","544","0","YES"
"542","2023-05-30 02:45:09","34.5","53.9","544","0","YES"
"543","2023-05-30 02:45:19","34","54.4","544","0","YES"
"544","2023-05-30 02:45:29","33.6","54.9","543","0","YES"
"545","2023-05-30 02:45:39","33.3","55.5","544","0","YES"
"546","2023-05-30 02:45:49","33","56.1","543","0","YES"
"547","2023-05-30 02:45:59","32.8","56.7","543","0","YES"
"548","2023-05-30 02:46:09","32.6","57.4","543","0","YES"
"549","2023-05-30 02:46:19","32.4","57.8","544","0","YES"
"550","2023-05-30 02:46:29","32.2","58.2","543","0","YES"
"551","2023-05-30 02:46:39","32.1","58.6","544","0","YES"
"552","2023-05-30 02:46:49","32","58.9","544","0","YES"
"553","2023-05-30 02:46:59","31.9","59.2","544","0","YES"
"554","2023-05-30 02:47:09","31.8","59.6","543","0","YES"
"555","2023-05-30 02:47:19","31.7","59.9","544","0","YES"
"556","2023-05-30 02:47:29","31.7","60.2","544","0","YES"
"557","2023-05-30 02:47:39","31.6","60.3","544","0","YES"
"558","2023-05-30 02:47:49","31.5","60.6","543","0","YES"
"559","2023-05-30 02:47:59","31.4","60.6","544","0","YES"
"560","2023-05-30 02:48:09","31.4","61","544","0","YES"
"561","2023-05-30 02:48:19","31.3","61","544","0","YES"
"562","2023-05-30 02:48:29","31.3","61.2","544","0","YES"
"563","2023-05-30 02:48:39","31.2","61.3","544","0","YES"
"564","2023-05-30 02:48:49","31.2","61.5","543","0","YES"
"565","2023-05-30 02:48:59","31.1","61.7","544","0","YES"
"566","2023-05-30 02:49:09","31","61.8","544","0","YES"
"567","2023-05-30 02:49:19","31","62.2","546","0","YES"
"568","2023-05-30 02:49:29","31","62.3","543","0","YES"
"569","2023-05-30 02:49:39","30.9","62.3","544","0","YES"
"570","2023-05-30 02:49:49","30.9","62.5","544","0","YES"
"571","2023-05-30 02:49:59","30.8","62.5","543","0","YES"
"572","2023-05-30 02:50:09","30.8","62.6","543","0","YES"
"573","2023-05-30 02:50:19","30.7","62.7","543","0","YES"
"574","2023-05-30 02:50:29","30.8","62.9","543","0","YES"
"575","2023-05-30 02:50:39","30.7","62.9","543","0","YES"
"576","2023-05-30 02:50:49","30.7","63.1","543","0","YES"
"577","2023-05-30 02:50:59","30.7","63.1","543","0","YES"
"578","2023-05-30 02:51:09","30.7","63.3","544","0","YES"
"579","2023-05-30 02:51:19","30.6","63.3","543","0","YES"
"580","2023-05-30 02:51:29","30.6","63.4","543","0","YES"
"581","2023-05-30 02:51:39","30.6","63.5","543","0","YES"
"582","2023-05-30 02:51:49","30.5","63.5","543","0","YES"
"583","2023-05-30 02:52:00","30.5","63.6","543","0","YES"
"584","2023-05-30 02:52:10","30.5","63.7","543","0","YES"
"585","2023-05-30 02:52:20","30.5","63.7","543","0","YES"
"586","2023-05-30 02:52:30","30.5","63.8","543","0","YES"
"587","2023-05-30 02:52:40","30.5","63.9","543","0","YES"
"588","2023-05-30 02:52:50","30.5","64","542","0","YES"
"589","2023-05-30 02:53:00","30.5","64","543","0","YES"
"590","2023-05-30 02:53:10","30.5","64","542","0","YES"
"591","2023-05-30 02:53:20","30.5","64","543","0","YES"
"592","2023-05-30 02:53:30","30.5","64.1","542","0","YES"
"593","2023-05-30 02:53:40","30.4","64","534","0","YES"
"594","2023-05-30 02:53:50","30.5","64.2","420","0","NO"
"595","2023-05-30 02:54:00","30.5","64.2","419","0","NO"
"596","2023-05-30 02:54:10","30.5","64.2","420","0","NO"
"597","2023-05-30 02:54:20","30.5","64.2","419","0","NO"
"598","2023-05-30 02:54:30","30.4","64.2","420","0","NO"
"599","2023-05-30 02:54:40","30.4","64.2","421","0","NO"
"600","2023-05-30 02:54:50","30.4","64.2","418","0","NO"
"601","2023-05-30 02:55:00","30.4","64.2","418","0","NO"
"602","2023-05-30 02:55:10","30.4","64.2","418","0","NO"
"603","2023-05-30 02:55:20","30.4","64.3","417","0","NO"
"604","2023-05-30 02:55:30","30.4","64.4","417","0","NO"
"605","2023-05-30 02:55:40","30.3","64.4","417","0","NO"
"606","2023-05-30 02:55:50","30.4","64.5","418","0","NO"
"607","2023-05-30 02:56:00","30.4","64.5","417","0","NO"
"608","2023-05-30 02:56:10","30.3","64.5","417","0","NO"
"609","2023-05-30 02:56:20","30.3","64.5","417","0","NO"
"610","2023-05-30 02:56:30","30.3","64.6","416","0","NO"
"611","2023-05-30 02:56:40","30.3","64.6","418","0","NO"
"612","2023-05-30 02:56:50","30.3","64.6","416","0","NO"
"613","2023-05-30 02:57:00","30.3","64.7","419","0","NO"
"614","2023-05-30 02:57:10","30.2","64.7","417","0","NO"
"615","2023-05-30 02:57:20","30.2","64.6","416","0","NO"
"616","2023-05-30 02:57:30","30.2","64.6","416","0","NO"
"617","2023-05-30 02:57:40","30.2","64.7","417","0","NO"
"618","2023-05-30 02:57:50","30.2","64.8","416","0","NO"
"619","2023-05-30 02:58:00","30.2","64.9","416","0","NO"
"620","2023-05-30 02:58:10","30.1","64.8","415","0","NO"
"621","2023-05-30 02:58:20","30.1","64.9","416","0","NO"
"622","2023-05-30 02:58:30","30.1","65","415","0","NO"
"623","2023-05-30 02:58:40","30.1","65","416","0","NO"
"624","2023-05-30 02:58:50","30.1","65.1","415","0","NO"
"625","2023-05-30 02:59:00","30","65","416","0","NO"
"626","2023-05-30 02:59:10","30.1","65.2","418","0","NO"
"627","2023-05-30 02:59:20","30","65.2","416","0","NO"
"628","2023-05-30 02:59:30","30","65.2","416","0","NO"
"629","2023-05-30 02:59:40","30.1","65.3","417","0","NO"
"630","2023-05-30 02:59:51","30","65.3","416","0","NO"
"631","2023-05-30 03:00:01","30","65.2","417","0","NO"
"632","2023-05-30 03:00:11","30","65.3","417","0","NO"
"633","2023-05-30 03:00:21","30","65.3","415","0","NO"
"634","2023-05-30 03:00:31","30.1","65.4","416","0","NO"
"635","2023-05-30 03:00:41","30","65.4","417","0","NO"
"636","2023-05-30 03:00:51","30","65.4","416","0","NO"
"637","2023-05-30 03:01:01","30","65.5","416","0","NO"
"638","2023-05-30 03:01:11","30","65.5","416","0","NO"
"639","2023-05-30 03:01:21","30","65.5","416","0","NO"
"640","2023-05-30 03:01:31","30","65.4","415","0","NO"
"641","2023-05-30 03:01:41","30","65.4","395","0","NO"
"642","2023-05-30 03:01:51","30.1","65.5","417","0","NO"
"643","2023-05-30 03:02:01","30.1","65.5","416","0","NO"
"644","2023-05-30 03:02:11","30.1","65.5","416","0","NO"
"645","2023-05-30 03:02:21","30","65.4","417","0","NO"
"646","2023-05-30 03:02:31","30.1","65.4","415","0","NO"
"647","2023-05-30 03:02:41","30.1","65.5","416","0","NO"
"648","2023-05-30 03:02:51","30","65.4","417","0","NO"
"649","2023-05-30 03:03:01","30.1","65.5","417","0","NO"
"650","2023-05-30 03:03:11","30","65.5","417","0","NO"
"651","2023-05-30 03:03:21","30","65.5","416","0","NO"
"652","2023-05-30 03:03:31","30.1","65.7","417","0","NO"
"653","2023-05-30 03:03:41","30","65.7","416","0","NO"
"654","2023-05-30 03:03:51","30","65.7","417","0","NO"
"655","2023-05-30 03:04:01","30","65.8","418","0","NO"
"656","2023-05-30 03:04:11","29.9","65.7","415","0","NO"
"657","2023-05-30 03:04:21","30","65.8","418","0","NO"
"658","2023-05-30 03:04:31","30","65.9","416","0","NO"
"659","2023-05-30 03:04:41","30","65.9","416","0","NO"
"660","2023-05-30 03:04:51","29.9","65.8","415","0","NO"
"661","2023-05-30 03:05:01","29.9","65.9","415","0","NO"
"662","2023-05-30 03:05:11","29.9","66","415","0","NO"
"663","2023-05-30 03:05:21","29.9","66","416","0","NO"
"664","2023-05-30 03:05:31","29.9","65.9","415","0","NO"
"665","2023-05-30 03:05:41","30","66","416","0","NO"
"666","2023-05-30 03:05:51","30","65.9","416","0","NO"
"667","2023-05-30 03:06:01","30","65.9","416","0","NO"
"668","2023-05-30 03:06:11","30","65.9","416","0","NO"
"669","2023-05-30 03:06:21","30","65.9","415","0","NO"
"670","2023-05-30 03:06:31","30","65.9","416","0","NO"
"671","2023-05-30 03:06:41","30","65.9","415","0","NO"
"672","2023-05-30 03:06:51","30","65.9","416","0","NO"
"673","2023-05-30 03:07:01","29.9","65.9","415","0","NO"
"674","2023-05-30 03:07:11","29.9","65.9","414","0","NO"
"675","2023-05-30 03:07:21","29.9","66","416","0","NO"
"676","2023-05-30 03:07:31","29.9","66.1","415","0","NO"
"677","2023-05-30 03:07:41","29.9","66.1","415","0","NO"
"678","2023-05-30 03:07:51","29.9","66.1","414","0","NO"
"679","2023-05-30 03:08:02","29.9","66.2","415","0","NO"
"680","2023-05-30 03:08:12","29.9","66.2","415","0","NO"
"681","2023-05-30 03:08:22","29.9","66.1","415","0","NO"
"682","2023-05-30 03:08:32","29.9","66.2","415","0","NO"
"683","2023-05-30 03:08:42","29.9","66.2","415","0","NO"
"684","2023-05-30 03:08:52","29.9","66.2","414","0","NO"
"685","2023-05-30 03:09:02","29.9","66.2","415","0","NO"
"686","2023-05-30 03:09:12","29.9","66.2","414","0","NO"
"687","2023-05-30 03:09:22","29.9","66.2","415","0","NO"
"688","2023-05-30 03:09:32","29.9","66.2","414","0","NO"
"689","2023-05-30 03:09:42","29.9","66.2","414","0","NO"
"690","2023-05-30 03:09:52","29.9","66.2","414","0","NO"
"691","2023-05-30 03:10:02","29.9","66.2","415","0","NO"
"692","2023-05-30 03:10:12","29.9","66.2","413","0","NO"
"693","2023-05-30 03:10:22","29.9","66.3","414","0","NO"
"694","2023-05-30 03:10:32","29.9","66.3","414","0","NO"
"695","2023-05-30 03:10:42","29.9","66.3","414","0","NO"
"696","2023-05-30 03:10:52","29.9","66.4","413","0","NO"
"697","2023-05-30 03:11:02","29.9","66.4","414","0","NO"
"698","2023-05-30 03:11:12","29.9","66.4","414","0","NO"
"699","2023-05-30 03:11:22","29.9","66.4","413","0","NO"
"700","2023-05-30 03:11:32","29.8","66.3","415","0","NO"
"701","2023-05-30 03:11:42","29.8","66.3","413","0","NO"
"702","2023-05-30 03:11:52","29.8","66.4","413","0","NO"
"703","2023-05-30 03:12:02","29.8","66.4","414","0","NO"
"704","2023-05-30 03:12:12","29.8","66.5","414","0","NO"
"705","2023-05-30 03:12:22","29.8","66.6","413","0","NO"
"706","2023-05-30 03:12:32","29.8","66.6","414","0","NO"
"707","2023-05-30 03:12:42","29.8","66.6","413","0","NO"
"708","2023-05-30 03:12:52","29.8","66.6","413","0","NO"
"709","2023-05-30 03:13:02","29.8","66.6","413","0","NO"
"710","2023-05-30 03:13:12","29.8","66.6","414","0","NO"
"711","2023-05-30 03:13:22","29.8","66.6","414","0","NO"
"712","2023-05-30 03:13:32","29.8","66.6","413","0","NO"
"713","2023-05-30 03:13:42","29.8","66.7","414","0","NO"
"714","2023-05-30 03:13:52","29.8","66.6","414","0","NO"
"715","2023-05-30 03:14:02","29.8","66.6","413","0","NO"
"716","2023-05-30 03:14:12","29.8","66.6","413","0","NO"
"717","2023-05-30 03:14:22","29.8","66.7","413","0","NO"
"718","2023-05-30 03:14:32","29.8","66.8","414","0","NO"
"719","2023-05-30 03:14:42","29.8","66.8","413","0","NO"
"720","2023-05-30 03:14:52","29.8","66.8","413","0","NO"
"721","2023-05-30 03:15:02","29.8","66.8","414","0","NO"
"722","2023-05-30 03:15:12","29.8","66.8","414","0","NO"
"723","2023-05-30 03:15:22","29.8","66.9","412","0","NO"
"724","2023-05-30 03:15:33","29.8","66.9","413","0","NO"
"725","2023-05-30 03:15:42","29.7","66.9","412","0","NO"
"726","2023-05-30 03:15:52","29.7","67","413","0","NO"
"727","2023-05-30 03:16:03","29.7","67","413","0","NO"
"728","2023-05-30 03:16:13","29.7","66.9","413","0","NO"
"729","2023-05-30 03:16:23","29.7","67","415","0","NO"
"730","2023-05-30 03:16:33","29.7","67","413","0","NO"
"731","2023-05-30 03:16:43","29.7","67","414","0","NO"
"732","2023-05-30 03:16:53","29.7","67","414","0","NO"
"733","2023-05-30 03:17:03","29.7","67","413","0","NO"
"734","2023-05-30 03:17:13","29.6","67","413","0","NO"
"735","2023-05-30 03:17:23","29.6","67.1","413","0","NO"
"736","2023-05-30 03:17:33","29.6","67.2","413","0","NO"
"737","2023-05-30 03:17:43","29.6","67.2","413","0","NO"
"738","2023-05-30 03:17:53","29.6","67.3","412","0","NO"
"739","2023-05-30 03:18:03","29.6","67.4","413","0","NO"
"740","2023-05-30 03:18:13","29.6","67.4","413","0","NO"
"741","2023-05-30 03:18:23","29.6","67.4","413","0","NO"
"742","2023-05-30 03:18:33","29.6","67.4","415","0","NO"
"743","2023-05-30 03:18:43","29.6","67.5","414","0","NO"
"744","2023-05-30 03:18:53","29.6","67.5","414","0","NO"
"745","2023-05-30 03:19:03","29.6","67.5","413","0","NO"
"746","2023-05-30 03:19:13","29.6","67.5","412","0","NO"
"747","2023-05-30 03:19:23","29.6","67.4","412","0","NO"
"748","2023-05-30 03:19:33","29.6","67.5","412","0","NO"
"749","2023-05-30 03:19:43","29.6","67.5","413","0","NO"
"750","2023-05-30 03:19:53","29.6","67.4","413","0","NO"
"751","2023-05-30 03:20:03","29.7","67.4","414","0","NO"
"752","2023-05-30 03:20:13","29.7","67.4","413","0","NO"
"753","2023-05-30 03:20:23","29.7","67.3","414","0","NO"
"754","2023-05-30 03:20:33","29.8","67.4","413","0","NO"
"755","2023-05-30 03:20:43","29.8","67.4","411","0","NO"
"756","2023-05-30 03:20:53","29.8","67.3","412","0","NO"
"757","2023-05-30 03:21:03","29.8","67.3","412","0","NO"
"758","2023-05-30 03:21:13","29.8","67.3","413","0","NO"
"759","2023-05-30 03:21:23","29.8","67.2","413","0","NO"
"760","2023-05-30 03:21:33","29.8","67.1","413","0","NO"
"761","2023-05-30 03:21:43","29.8","67.1","414","0","NO"
"762","2023-05-30 03:21:53","29.8","67.1","413","0","NO"
"763","2023-05-30 03:22:03","29.9","67.1","414","0","NO"
"764","2023-05-30 03:22:13","29.9","67.1","414","0","NO"
"765","2023-05-30 03:22:23","29.9","67.1","412","0","NO"
"766","2023-05-30 03:22:33","29.9","67.1","412","0","NO"
"767","2023-05-30 03:22:43","29.9","67.1","411","0","NO"
"768","2023-05-30 03:22:53","29.9","67.1","412","0","NO"
"769","2023-05-30 03:23:03","29.9","67.1","412","0","NO"
"770","2023-05-30 03:23:13","29.9","67.1","412","0","NO"
"771","2023-05-30 03:23:23","29.9","67.1","412","0","NO"
"772","2023-05-30 03:23:33","29.9","67.1","412","0","NO"
"773","2023-05-30 03:23:43","29.9","67.1","413","0","NO"
"774","2023-05-30 03:23:54","29.9","67.2","412","0","NO"
"775","2023-05-30 03:24:04","29.9","67.2","412","0","NO"
"776","2023-05-30 03:24:14","29.9","67.2","413","0","NO"
"777","2023-05-30 03:24:24","29.9","67.2","412","0","NO"
"778","2023-05-30 03:24:34","29.9","67.3","412","0","NO"
"779","2023-05-30 03:24:44","29.9","67.3","411","0","NO"
"780","2023-05-30 03:24:54","29.8","67.3","412","0","NO"
"781","2023-05-30 03:25:04","29.8","67.3","412","0","NO"
"782","2023-05-30 03:25:14","29.9","67.4","412","0","NO"
"783","2023-05-30 03:25:24","29.9","67.4","412","0","NO"
"784","2023-05-30 03:25:34","29.9","67.5","411","0","NO"
"785","2023-05-30 03:25:44","29.9","67.4","411","0","NO"
"786","2023-05-30 03:25:54","29.9","67.5","411","0","NO"
"787","2023-05-30 03:26:04","29.8","67.4","413","0","NO"
"788","2023-05-30 03:26:14","29.8","67.4","411","0","NO"
"789","2023-05-30 03:26:24","29.8","67.4","411","0","NO"
"790","2023-05-30 03:26:34","29.8","67.5","412","0","NO"
"791","2023-05-30 03:26:44","29.8","67.5","412","0","NO"
"792","2023-05-30 03:26:54","29.8","67.5","412","0","NO"
"793","2023-05-30 03:27:04","29.8","67.5","412","0","NO"
"794","2023-05-30 03:27:14","29.8","67.6","412","0","NO"
"795","2023-05-30 03:27:24","29.8","67.6","412","0","NO"
"796","2023-05-30 03:27:34","29.8","67.7","412","0","NO"
"797","2023-05-30 03:27:44","29.8","67.7","411","0","NO"
"798","2023-05-30 03:27:54","29.8","67.8","411","0","NO"
"799","2023-05-30 03:28:04","29.8","67.8","411","0","NO"
"800","2023-05-30 03:28:14","29.8","67.8","411","0","NO"
"801","2023-05-30 03:28:24","29.7","67.8","411","0","NO"
"802","2023-05-30 03:28:34","29.7","67.8","411","0","NO"
"803","2023-05-30 03:28:44","29.8","68","411","0","NO"
"804","2023-05-30 03:28:54","29.7","67.9","411","0","NO"
"805","2023-05-30 03:29:04","29.7","67.9","412","0","NO"
"806","2023-05-30 03:29:14","29.7","67.9","411","0","NO"
"807","2023-05-30 03:29:24","29.7","67.9","412","0","NO"
"808","2023-05-30 03:29:34","29.8","68","412","0","NO"
"809","2023-05-30 03:29:44","29.8","68","411","0","NO"
"810","2023-05-30 03:29:54","29.8","68","412","0","NO"
"811","2023-05-30 03:30:04","29.8","67.9","411","0","NO"
"812","2023-05-30 03:30:14","29.8","67.9","411","0","NO"
"813","2023-05-30 03:30:24","29.8","68","411","0","NO"
"814","2023-05-30 03:30:34","29.8","67.9","411","0","NO"
"815","2023-05-30 03:30:44","29.8","67.9","411","0","NO"
"816","2023-05-30 03:30:54","29.8","67.9","412","0","NO"
"817","2023-05-30 03:31:04","29.8","67.9","411","0","NO"
"818","2023-05-30 03:31:14","29.8","67.9","411","0","NO"
"819","2023-05-30 03:31:24","29.8","67.8","411","0","NO"
"820","2023-05-30 03:31:34","29.9","67.9","411","0","NO"
"821","2023-05-30 03:31:44","29.9","67.9","412","0","NO"
"822","2023-05-30 03:31:54","29.9","67.8","412","0","NO"
"823","2023-05-30 03:32:05","29.9","67.8","412","0","NO"
"824","2023-05-30 03:32:15","29.9","67.8","411","0","NO"
"825","2023-05-30 03:32:25","29.9","67.8","411","0","NO"
"826","2023-05-30 03:32:35","29.9","67.7","411","0","NO"
"827","2023-05-30 03:32:45","29.9","67.7","412","0","NO"
"828","2023-05-30 03:32:55","29.9","67.7","411","0","NO"
"829","2023-05-30 03:33:05","29.9","67.7","411","0","NO"
"830","2023-05-30 03:33:15","29.9","67.7","411","0","NO"
"831","2023-05-30 03:33:25","30","67.7","411","0","NO"
"832","2023-05-30 03:33:35","30","67.7","411","0","NO"
"833","2023-05-30 03:33:45","30","67.6","411","0","NO"
"834","2023-05-30 03:33:55","30","67.6","411","0","NO"
"835","2023-05-30 03:34:05","30","67.6","411","0","NO"
"836","2023-05-30 03:34:15","30","67.6","410","0","NO"
"837","2023-05-30 03:34:25","30","67.7","410","0","NO"
"838","2023-05-30 03:34:35","30","67.6","411","0","NO"
"839","2023-05-30 03:34:45","30","67.6","411","0","NO"
"840","2023-05-30 03:34:55","30","67.7","411","0","NO"
"841","2023-05-30 03:35:05","30","67.6","410","0","NO"
"842","2023-05-30 03:35:15","30","67.6","410","0","NO"
"843","2023-05-30 03:35:25","30","67.6","410","0","NO"
"844","2023-05-30 03:35:35","30","67.6","413","0","NO"
"845","2023-05-30 03:35:45","30","67.6","410","0","NO"
"846","2023-05-30 03:35:55","30","67.6","410","0","NO"
"847","2023-05-30 03:36:05","30","67.6","410","0","NO"
"848","2023-05-30 03:36:15","30","67.6","411","0","NO"
"849","2023-05-30 03:36:25","30","67.6","410","0","NO"
"850","2023-05-30 03:36:35","30","67.5","410","0","NO"
"851","2023-05-30 03:36:45","30","67.5","410","0","NO"
"852","2023-05-30 03:36:55","30","67.5","410","0","NO"
"853","2023-05-30 03:37:05","30","67.5","411","0","NO"
"854","2023-05-30 03:37:15","30","67.5","410","0","NO"
"855","2023-05-30 03:37:25","30","67.5","410","0","NO"
"856","2023-05-30 03:37:35","30","67.5","409","0","NO"
"857","2023-05-30 03:37:45","30","67.5","410","0","NO"
"858","2023-05-30 03:37:55","30","67.6","409","0","NO"
"859","2023-05-30 03:38:05","30","67.6","412","0","NO"
"860","2023-05-30 03:38:15","30","67.7","410","0","NO"
"861","2023-05-30 03:38:25","30","67.7","409","0","NO"
"862","2023-05-30 03:38:35","30","67.7","410","0","NO"
"863","2023-05-30 03:38:45","30","67.7","409","0","NO"
"864","2023-05-30 03:38:55","30","67.7","409","0","NO"
"865","2023-05-30 03:39:05","30","67.8","409","0","NO"
"866","2023-05-30 03:39:15","29.9","67.7","409","0","NO"
"867","2023-05-30 03:39:25","30","67.9","409","0","NO"
"868","2023-05-30 03:39:35","30","67.9","410","0","NO"
"869","2023-05-30 03:39:45","29.9","67.9","410","0","NO"
"870","2023-05-30 03:39:56","29.9","67.8","410","0","NO"
"871","2023-05-30 03:40:06","29.9","67.8","409","0","NO"
"872","2023-05-30 03:40:16","29.9","67.8","409","0","NO"
"873","2023-05-30 03:40:26","30","68","409","0","NO"
"874","2023-05-30 03:40:36","29.9","67.9","409","0","NO"
"875","2023-05-30 03:40:46","30","68","408","0","NO"
"876","2023-05-30 03:40:56","30","68","409","0","NO"
"877","2023-05-30 03:41:06","29.9","68","409","0","NO"
"878","2023-05-30 03:41:16","29.9","68","409","0","NO"
"879","2023-05-30 03:41:26","29.9","68","409","0","NO"
"880","2023-05-30 03:41:36","29.9","68","409","0","NO"
"881","2023-05-30 03:41:46","29.9","68.1","409","0","NO"
"882","2023-05-30 03:41:56","29.9","68.1","408","0","NO"
"883","2023-05-30 03:42:06","29.9","68.1","409","0","NO"
"884","2023-05-30 03:42:16","29.9","68.1","409","0","NO"
"885","2023-05-30 03:42:26","29.9","68.2","409","0","NO"
"886","2023-05-30 03:42:36","29.9","68.1","409","0","NO"
"887","2023-05-30 03:42:46","29.9","68.1","409","0","NO"
"888","2023-05-30 03:42:56","29.9","68.1","411","0","NO"
"889","2023-05-30 03:43:06","29.9","68","408","0","NO"
"890","2023-05-30 03:43:16","29.9","68","408","0","NO"
"891","2023-05-30 03:43:26","29.9","68","408","0","NO"
"892","2023-05-30 03:43:36","30","68.1","408","0","NO"
"893","2023-05-30 03:43:46","30","68.1","408","0","NO"
"894","2023-05-30 03:43:56","29.9","68","409","0","NO"
"895","2023-05-30 03:44:06","29.9","68","408","0","NO"
"896","2023-05-30 03:44:16","30","68.1","408","0","NO"
"897","2023-05-30 03:44:26","30","68.2","408","0","NO"
"898","2023-05-30 03:44:36","29.9","68.1","409","0","NO"
"899","2023-05-30 03:44:46","29.9","68.1","408","0","NO"
"900","2023-05-30 03:44:56","29.9","68.1","408","0","NO"
"901","2023-05-30 03:45:06","29.9","68.2","409","0","NO"
"902","2023-05-30 03:45:16","29.9","68.2","408","0","NO"
"903","2023-05-30 03:45:26","29.9","68.2","408","0","NO"
"904","2023-05-30 03:45:36","29.9","68.3","409","0","NO"
"905","2023-05-30 03:45:46","29.9","68.4","408","0","NO"
"906","2023-05-30 03:45:56","29.8","68.4","407","0","NO"
"907","2023-05-30 03:46:06","29.8","68.5","408","0","NO"
"908","2023-05-30 03:46:16","29.8","68.5","409","0","NO"
"909","2023-05-30 03:46:26","29.8","68.6","408","0","NO"
"910","2023-05-30 03:46:36","29.8","68.6","408","0","NO"
"911","2023-05-30 03:46:46","29.8","68.7","408","0","NO"
"912","2023-05-30 03:46:56","29.8","68.7","408","0","NO"
"913","2023-05-30 03:47:06","29.8","68.7","408","0","NO"
"914","2023-05-30 03:47:16","29.8","68.7","408","0","NO"
"915","2023-05-30 03:47:26","29.8","68.7","408","0","NO"
"916","2023-05-30 03:47:36","29.8","68.7","407","0","NO"
"917","2023-05-30 03:47:46","29.8","68.7","408","0","NO"
"918","2023-05-30 03:47:57","29.8","68.7","408","0","NO"
"919","2023-05-30 03:48:07","29.8","68.7","408","0","NO"
"920","2023-05-30 03:48:17","29.8","68.7","407","0","NO"
"921","2023-05-30 03:48:27","29.8","68.8","408","0","NO"
"922","2023-05-30 03:48:37","29.8","68.8","407","0","NO"
"923","2023-05-30 03:48:47","29.7","68.8","407","0","NO"
"924","2023-05-30 03:48:57","29.7","68.8","407","0","NO"
"925","2023-05-30 03:49:07","29.7","68.9","407","0","NO"
"926","2023-05-30 03:49:17","29.7","68.9","407","0","NO"
"927","2023-05-30 03:49:27","29.7","68.9","407","0","NO"
"928","2023-05-30 03:49:37","29.7","69","407","0","NO"
"929","2023-05-30 03:49:47","29.7","69","407","0","NO"
"930","2023-05-30 03:49:57","29.7","69","407","0","NO"
"931","2023-05-30 03:50:07","29.7","69.1","407","0","NO"
"932","2023-05-30 03:50:17","29.6","69","407","0","NO"
"933","2023-05-30 03:50:27","29.6","69.1","408","0","NO"
"934","2023-05-30 03:50:37","29.6","69","407","0","NO"
"935","2023-05-30 03:50:47","29.6","69.1","407","0","NO"
"936","2023-05-30 03:50:57","29.6","69.1","407","0","NO"
"937","2023-05-30 03:51:07","29.6","69.2","407","0","NO"
"938","2023-05-30 03:51:17","29.7","69.2","407","0","NO"
"939","2023-05-30 03:51:27","29.6","69.2","407","0","NO"
"940","2023-05-30 03:51:37","29.7","69.2","407","0","NO"
"941","2023-05-30 03:51:47","29.7","69.2","406","0","NO"
"942","2023-05-30 03:51:57","29.6","69.2","407","0","NO"
"943","2023-05-30 03:52:07","29.6","69.2","406","0","NO"
"944","2023-05-30 03:52:17","29.6","69.2","408","0","NO"
"945","2023-05-30 03:52:27","29.7","69.2","406","0","NO"
"946","2023-05-30 03:52:37","29.7","69.2","408","0","NO"
"947","2023-05-30 03:52:47","29.7","69.2","407","0","NO"
"948","2023-05-30 03:52:57","29.7","69.2","406","0","NO"
"949","2023-05-30 03:53:07","29.7","69.2","407","0","NO"
"950","2023-05-30 03:53:17","29.7","69.1","407","0","NO"
"951","2023-05-30 03:53:27","29.7","69.1","406","0","NO"
"952","2023-05-30 03:53:37","29.7","69.1","407","0","NO"
"953","2023-05-30 03:53:47","29.7","69.1","407","0","NO"
"954","2023-05-30 03:53:57","29.7","69.1","407","0","NO"
"955","2023-05-30 03:54:07","29.8","69.1","407","0","NO"
"956","2023-05-30 03:54:17","29.8","69.1","407","0","NO"
"957","2023-05-30 03:54:27","29.8","69.1","407","0","NO"
"958","2023-05-30 03:54:37","29.8","69.1","407","0","NO"
"959","2023-05-30 03:54:47","29.8","69.1","408","0","NO"
"960","2023-05-30 03:54:57","29.8","69.1","406","0","NO"
"961","2023-05-30 03:55:08","29.8","69.1","406","0","NO"
"962","2023-05-30 03:55:17","29.8","69.1","406","0","NO"
"963","2023-05-30 03:55:27","29.8","69.1","407","0","NO"
"964","2023-05-30 03:55:37","29.8","69.1","406","0","NO"
"965","2023-05-30 03:55:48","29.8","69.1","406","0","NO"
"966","2023-05-30 03:55:58","29.8","69.1","407","0","NO"
"967","2023-05-30 03:56:08","29.8","69.1","406","0","NO"
"968","2023-05-30 03:56:18","29.8","69.1","407","0","NO"
"969","2023-05-30 03:56:28","29.8","69.1","407","0","NO"
"970","2023-05-30 03:56:38","29.8","69.1","406","0","NO"
"971","2023-05-30 03:56:48","29.8","69.1","406","0","NO"
"972","2023-05-30 03:56:58","29.9","69.2","406","0","NO"
"973","2023-05-30 03:57:08","29.8","69.1","407","0","NO"
"974","2023-05-30 03:57:18","29.8","69.1","408","0","NO"
"975","2023-05-30 03:57:28","29.8","69.1","409","0","NO"
"976","2023-05-30 03:57:38","29.8","69.1","406","0","NO"
"977","2023-05-30 03:57:48","29.8","69.1","407","0","NO"
"978","2023-05-30 03:57:58","29.8","69.1","406","0","NO"
"979","2023-05-30 03:58:08","29.9","69.1","406","0","NO"
"980","2023-05-30 03:58:18","29.9","69.1","406","0","NO"
"981","2023-05-30 03:58:28","29.9","69.1","406","0","NO"
"982","2023-05-30 03:58:38","29.8","69","407","0","NO"
"983","2023-05-30 03:58:48","29.9","69","406","0","NO"
"984","2023-05-30 03:58:58","29.9","69","407","0","NO"
"985","2023-05-30 03:59:08","29.9","69","407","0","NO"
"986","2023-05-30 03:59:18","29.9","69","406","0","NO"
"987","2023-05-30 03:59:28","29.9","68.9","406","0","NO"
"988","2023-05-30 03:59:38","29.9","68.9","407","0","NO"
"989","2023-05-30 03:59:48","29.9","68.9","408","0","NO"
"990","2023-05-30 03:59:58","30","69","407","0","NO"
"991","2023-05-30 04:00:08","29.9","68.8","407","0","NO"
"992","2023-05-30 04:00:18","29.9","68.8","406","0","NO"
"993","2023-05-30 04:00:28","30","68.9","406","0","NO"
"994","2023-05-30 04:00:38","29.9","68.8","407","0","NO"
"995","2023-05-30 04:00:48","30","68.9","406","0","NO"
"996","2023-05-30 04:00:58","30","68.8","406","0","NO"
"997","2023-05-30 04:01:08","30","68.8","406","0","NO"
"998","2023-05-30 04:01:18","30","68.8","406","0","NO"
"999","2023-05-30 04:01:28","30","68.8","406","0","NO"
"1000","2023-05-30 04:01:38","30","68.8","406","0","NO"
"1001","2023-05-30 04:01:48","30","68.8","406","0","NO"
"1002","2023-05-30 04:01:58","30","68.8","406","0","NO"
"1003","2023-05-30 04:02:08","30","68.8","408","0","NO"
"1004","2023-05-30 04:02:18","30","68.8","408","0","NO"
"1005","2023-05-30 04:02:28","30","68.9","406","0","NO"
"1006","2023-05-30 04:02:38","30","68.9","406","0","NO"
"1007","2023-05-30 04:02:48","30","68.9","407","0","NO"
"1008","2023-05-30 04:02:58","30","68.9","406","0","NO"
"1009","2023-05-30 04:03:08","29.9","68.9","406","0","NO"
"1010","2023-05-30 04:03:18","29.9","68.9","406","0","NO"
"1011","2023-05-30 04:03:28","30","69","406","0","NO"
"1012","2023-05-30 04:03:39","30","69.1","406","0","NO"
"1013","2023-05-30 04:03:49","29.9","69","406","0","NO"
"1014","2023-05-30 04:03:59","29.9","69","405","0","NO"
"1015","2023-05-30 04:04:09","29.9","69","406","0","NO"
"1016","2023-05-30 04:04:19","30","69.1","406","0","NO"
"1017","2023-05-30 04:04:29","30","69.1","406","0","NO"
"1018","2023-05-30 04:04:39","30","69.1","405","0","NO"
"1019","2023-05-30 04:04:49","30","69.1","406","0","NO"
"1020","2023-05-30 04:04:59","30","69.1","405","0","NO"
"1021","2023-05-30 04:05:09","30","69.1","406","0","NO"
"1022","2023-05-30 04:05:19","30","69.1","406","0","NO"
"1023","2023-05-30 04:05:29","30","69.1","406","0","NO"
"1024","2023-05-30 04:05:39","30","69.1","406","0","NO"
"1025","2023-05-30 04:05:49","30","69.1","406","0","NO"
"1026","2023-05-30 04:05:59","30","69.1","407","0","NO"
"1027","2023-05-30 04:06:09","30","69.1","406","0","NO"
"1028","2023-05-30 04:06:19","30","69.1","406","0","NO"
"1029","2023-05-30 04:06:29","30","69.1","406","0","NO"
"1030","2023-05-30 04:06:39","30","69.1","406","0","NO"
"1031","2023-05-30 04:06:49","30","69.1","407","0","NO"
"1032","2023-05-30 04:06:59","30","69.2","406","0","NO"
"1033","2023-05-30 04:07:09","30","69.2","407","0","NO"
"1034","2023-05-30 04:07:19","30","69.1","406","0","NO"
"1035","2023-05-30 04:07:35","30","69.2","406","0","NO"
"1036","2023-05-30 04:07:41","29.9","69.1","405","0","NO"
"1037","2023-05-30 09:42:14","30.4","78.4","493","0","NO"
"1038","2023-05-30 09:42:21","30.4","78.4","495","0","NO"
"1039","2023-05-30 09:42:31","30.4","78.4","495","0","NO"
"1040","2023-05-30 09:42:41","30.4","78.3","497","0","NO"
"1041","2023-05-30 09:42:51","30.4","78.3","498","0","NO"
"1042","2023-05-30 09:43:01","30.4","78.2","498","0","NO"
"1043","2023-05-30 09:43:11","30.4","78.1","499","0","NO"
"1044","2023-05-30 09:43:17","30.4","78.2","499","0","NO"
"1045","2023-05-30 09:43:26","30.4","78.3","500","0","NO"
"1046","2023-05-30 09:43:36","30.4","78.4","500","0","NO"
"1047","2023-05-30 09:43:46","30.4","78.4","501","0","NO"
"1048","2023-05-30 09:43:56","30.3","78.3","501","0","NO"
"1049","2023-05-30 09:44:07","30.4","78.5","502","0","NO"
"1050","2023-05-30 09:44:17","30.4","78.5","504","0","NO"
"1051","2023-05-30 09:44:26","30.4","78.5","504","0","NO"
"1052","2023-05-30 09:44:35","30.4","78.7","502","0","NO"
"1053","2023-05-30 09:44:45","30.4","78.7","498","0","NO"
"1054","2023-05-30 09:44:55","30.4","78.5","499","0","NO"
"1055","2023-05-30 09:45:05","30.4","78.4","499","0","NO"
"1056","2023-05-30 09:45:15","30.4","78.4","499","0","NO"
"1057","2023-05-30 09:45:25","30.4","78.3","499","0","NO"
"1058","2023-05-30 09:45:35","30.4","78.3","499","0","NO"
"1059","2023-05-30 09:45:45","30.4","78.3","499","0","NO"
"1060","2023-05-30 09:45:55","30.4","78.2","499","0","NO"
"1061","2023-05-30 09:46:05","30.4","78.2","499","0","NO"
"1062","2023-05-30 09:46:15","30.4","78.2","499","0","NO"
"1063","2023-05-30 09:46:25","30.4","78.2","499","0","NO"
"1064","2023-05-30 09:46:35","30.4","78.4","499","0","NO"
"1065","2023-05-30 09:46:45","30.3","78.4","498","0","NO"
"1066","2023-05-30 09:46:55","30.4","78.5","498","0","NO"
"1067","2023-05-30 09:47:05","30.3","78.6","499","0","NO"
"1068","2023-05-30 09:47:15","30.3","78.6","499","0","NO"
"1069","2023-05-30 09:47:25","30.3","78.5","499","0","NO"
"1070","2023-05-30 09:47:35","30.3","78.6","499","0","NO"
"1071","2023-05-30 09:47:45","30.3","78.6","498","0","NO"
"1072","2023-05-30 09:47:55","30.3","78.6","498","0","NO"
"1073","2023-05-30 09:48:05","30.3","78.5","512","0","YES"
"1074","2023-05-30 09:48:15","30.3","78.6","516","0","YES"
"1075","2023-05-30 09:48:25","30.4","78.5","507","0","NO"
"1076","2023-05-30 09:48:35","30.4","78.5","496","0","NO"
"1077","2023-05-30 09:48:46","30.4","78.5","500","0","NO"
"1078","2023-05-30 09:48:56","30.4","78.5","500","0","NO"
"1079","2023-05-30 09:49:06","30.4","78.6","500","0","NO"
"1080","2023-05-30 09:49:16","30.4","78.5","500","0","NO"
"1081","2023-05-30 09:49:26","30.4","78.4","499","0","NO"
"1082","2023-05-30 09:49:36","30.4","78.2","499","0","NO"
"1083","2023-05-30 09:49:46","30.4","78.2","498","0","NO"
"1084","2023-05-30 09:49:56","30.5","78.4","498","0","NO"
"1085","2023-05-30 09:50:06","30.5","78.5","499","0","NO"
"1086","2023-05-30 09:50:16","30.5","78.3","498","0","NO"
"1087","2023-05-30 09:50:26","30.5","78.3","498","0","NO"
"1088","2023-05-30 09:50:36","30.5","78.3","498","0","NO"
"1089","2023-05-30 09:50:46","30.5","78.2","498","0","NO"
"1090","2023-05-30 09:50:56","30.5","78.3","498","0","NO"
"1091","2023-05-30 09:51:07","30.4","78.2","498","0","NO"
"1092","2023-05-30 09:51:16","30.4","78.2","497","0","NO"
"1093","2023-05-30 09:51:26","30.5","78.2","498","0","NO"
"1094","2023-05-30 09:51:36","30.5","78.1","497","0","NO"
"1095","2023-05-30 09:51:46","30.5","78.2","497","0","NO"
"1096","2023-05-30 09:51:56","30.5","77.9","498","0","NO"
"1097","2023-05-30 09:52:06","30.5","77.9","497","0","NO"
"1098","2023-05-30 09:52:16","30.5","78.2","497","0","NO"
"1099","2023-05-30 09:52:26","30.4","77.9","497","0","NO"
"1100","2023-05-30 09:52:36","30.4","78","496","0","NO"
"1101","2023-05-30 09:52:46","30.4","78.1","496","0","NO"
"1102","2023-05-30 09:53:01","30.4","78.3","498","0","NO"
"1103","2023-05-30 09:53:07","30.4","78.2","497","0","NO"
"1104","2023-05-30 09:53:16","30.5","78.2","496","0","NO"
"1105","2023-05-30 09:53:26","30.4","78.2","496","0","NO"
"1106","2023-05-30 09:53:36","30.5","78.1","497","0","NO"
"1107","2023-05-30 09:53:46","30.5","78.2","495","0","NO"
"1108","2023-05-30 09:53:56","30.4","78.1","495","0","NO"
"1109","2023-05-30 09:54:06","30.4","78","495","0","NO"
"1110","2023-05-30 09:54:17","30.4","78","495","0","NO"
"1111","2023-05-30 09:54:27","30.4","78.2","496","0","NO"
"1112","2023-05-30 09:54:37","30.4","78","496","0","NO"
"1113","2023-05-30 09:54:46","30.4","77.8","494","0","NO"
"1114","2023-05-30 09:54:58","30.4","78","495","0","NO"
"1115","2023-05-30 09:55:06","30.4","77.9","495","0","NO"
"1116","2023-05-30 09:55:25","30.4","77.9","496","0","NO"
"1117","2023-05-30 09:55:32","30.4","77.6","497","0","NO"
"1118","2023-05-30 09:55:39","30.4","77.5","494","0","NO"
"1119","2023-05-30 09:55:46","30.4","77.7","494","0","NO"
"1120","2023-05-30 09:55:56","30.4","77.7","496","0","NO"
"1121","2023-05-30 09:56:06","30.3","77.8","495","0","NO"
"1122","2023-05-30 09:56:16","30.3","77.8","495","0","NO"
"1123","2023-05-30 09:56:26","30.3","77.8","494","0","NO"
"1124","2023-05-30 09:56:36","30.3","77.8","494","0","NO"
"1125","2023-05-30 09:56:47","30.4","77.9","494","0","NO"
"1126","2023-05-30 09:56:59","30.3","77.7","495","0","NO"
"1127","2023-05-30 09:57:08","30.4","77.5","495","0","NO"
"1128","2023-05-30 09:57:17","30.3","77.6","494","0","NO"
"1129","2023-05-30 09:57:27","30.3","77.5","494","0","NO"
"1130","2023-05-30 09:57:37","30.3","77.4","493","0","NO"
"1131","2023-05-30 09:57:47","30.3","77.2","496","0","NO"
"1132","2023-05-30 09:57:57","30.3","77.2","494","0","NO"
"1133","2023-05-30 09:58:07","30.3","77.3","494","0","NO"
"1134","2023-05-30 09:58:17","30.3","77.3","494","0","NO"
"1135","2023-05-30 09:58:30","30.4","77.4","394","0","NO"
"1136","2023-05-30 09:58:37","30.4","77.2","394","0","NO"
"1137","2023-05-30 09:58:47","34.2","74.5","394","0","NO"
"1138","2023-05-30 09:58:57","36.1","68.8","395","0","NO"
"1139","2023-05-30 09:59:07","37","65.5","395","0","NO"
"1140","2023-05-30 09:59:17","39.6","61.9","395","0","NO"
"1141","2023-05-30 09:59:30","39.7","58.3","401","0","YES"
"1142","2023-05-30 09:59:40","39.3","56.7","400","0","YES"
"1143","2023-05-30 09:59:50","38.4","56.5","400","0","YES"
"1144","2023-05-30 09:59:57","37.8","56.7","399","0","YES"
"1145","2023-05-30 10:00:07","37.2","57.1","399","0","YES"
"1146","2023-05-30 10:00:21","36.7","57.8","409","0","YES"
"1147","2023-05-30 10:00:27","36.1","58.4","401","0","YES"
"1148","2023-05-30 10:00:37","35.6","59.5","443","0","YES"
"1149","2023-05-30 10:00:51","35.1","60.3","401","0","NO"
"1150","2023-05-30 10:00:58","34.7","61.3","399","0","NO"
"1151","2023-05-30 10:01:07","34.3","62.2","399","0","NO"
"1152","2023-05-30 10:01:17","34","63.3","399","0","NO"
"1153","2023-05-30 10:01:27","33.7","63.8","400","0","NO"
"1154","2023-05-30 10:01:39","33.5","64.3","399","0","NO"
"1155","2023-05-30 10:01:47","33.3","65.2","399","0","NO"
"1156","2023-05-30 10:01:59","33.1","65.7","399","0","NO"
"1157","2023-05-30 10:02:12","33","66.4","400","0","NO"
"1158","2023-05-30 10:02:20","32.8","66.6","399","0","NO"
"1159","2023-05-30 10:02:39","32.7","66.9","400","0","NO"
"1160","2023-05-30 10:03:01","32.5","67.7","399","0","NO"
"1161","2023-05-30 10:03:12","32.3","68.3","468","0","NO"
"1162","2023-05-30 10:03:18","32.2","68.8","467","0","NO"
"1163","2023-05-30 10:03:27","32.2","69.1","467","0","NO"
"1164","2023-05-30 10:03:37","32.1","69.2","469","0","NO"
"1165","2023-05-30 10:03:50","32","69.4","470","0","NO"
"1166","2023-05-30 10:04:04","32","69.6","470","0","NO"
"1167","2023-05-30 10:04:10","31.9","69.8","472","0","NO"
"1168","2023-05-30 10:04:17","31.8","70.1","473","0","NO"
"1169","2023-05-30 10:04:33","31.7","70.4","474","0","NO"
"1170","2023-05-30 10:06:45","31.2","72.8","476","0","NO"
"1171","2023-05-30 10:06:54","31.2","73","477","0","NO"
"1172","2023-05-30 10:07:01","31.2","73.2","476","0","NO"
"1173","2023-05-30 10:07:08","31.2","73.2","475","0","NO"
"1174","2023-05-30 10:07:18","31.1","73.3","477","0","NO"
"1175","2023-05-30 10:07:28","31.1","73.3","476","0","NO"
"1176","2023-05-30 10:07:38","31.1","73.6","477","0","NO"
"1177","2023-05-30 10:07:48","31.1","73.5","476","0","NO"
"1178","2023-05-30 10:07:58","31.1","73.6","475","0","NO"
"1179","2023-05-30 10:08:08","31.1","73.6","473","0","NO"
"1180","2023-05-30 10:08:18","31","73.6","474","0","NO"
"1181","2023-05-30 10:08:28","31.1","73.6","473","0","NO"
"1182","2023-05-30 10:08:47","31","73.7","473","0","NO"
"1183","2023-05-30 10:08:49","31","73.8","474","0","NO"
"1184","2023-05-30 10:08:58","31","73.9","471","0","NO"
"1185","2023-05-30 10:09:11","30.9","74","473","0","NO"
"1186","2023-05-30 10:09:18","30.9","74","475","0","NO"
"1187","2023-05-30 10:09:28","30.9","74.1","474","0","NO"
"1188","2023-05-30 10:09:38","30.9","74.1","474","0","NO"
"1189","2023-05-30 10:09:57","30.9","74.2","474","0","NO"
"1190","2023-05-30 10:10:03","30.9","74.2","475","0","NO"
"1191","2023-05-30 10:10:09","30.9","74.3","483","0","NO"
"1192","2023-05-30 10:10:27","30.9","74.4","475","0","NO"
"1193","2023-05-30 10:10:29","30.9","74.5","475","0","NO"
"1194","2023-05-30 10:10:39","30.8","74.5","475","0","NO"
"1195","2023-05-30 10:10:55","30.8","74.6","475","0","NO"
"1196","2023-05-30 10:11:03","31.9","74.8","475","0","NO"
"1197","2023-05-30 10:11:12","31.7","74","475","0","NO"
"1198","2023-05-30 10:11:22","31.6","73.5","474","0","NO"
"1199","2023-05-30 10:11:28","31.6","73.1","472","0","NO"
"1200","2023-05-30 10:11:38","31.5","73.3","472","0","NO"
